<?xml version="1.0" encoding="UTF-8"?>
<METS:mets xmlns:METS="http://www.loc.gov/METS/"
           xmlns:xlink="http://www.w3.org/TR/xlink"
           xmlns:xsi="http://www.w3.org/2001/XMLSchema-instance"
           TYPE="file"
           ID="si4.file2589"
           OBJID="http://hdl.handle.net/20.500.12325/file2589">
   <METS:metsHdr CREATEDATE="2021-06-03T08:24:48.414+02:00"
                 LASTMODDATE=""
                 RECORDSTATUS="Active">
      <METS:agent ROLE="DISSEMINATOR" TYPE="ORGANIZATION">
         <METS:name>Sidih</METS:name>
         <METS:note>https://sidih.si</METS:note>
      </METS:agent>
      <METS:agent ROLE="CREATOR" ID="3" TYPE="INDIVIDUAL">
         <METS:name>Pančur, Andrej</METS:name>
      </METS:agent>
   </METS:metsHdr>
   <METS:dmdSec ID="description">
      <METS:mdWrap MDTYPE="DC">
         <METS:xmlData xmlns:dc="http://purl.org/dc/elements/1.1/"
                       xmlns:dcterms="http://purl.org/dc/terms/"
                       xmlns:dcmitype="http://purl.org/dc/dcmitype/">
            <dc:title xml:lang="sl">Frekvenca tematskih sklopov za prvih 100 kolokacijskih kandidatov v govorih poslank in poslancev v vseh sedmih mandatih.</dc:title>
            <dc:creator>Pahor de Maiti, Kristina</dc:creator>
            <dc:creator>Fišer, Darja</dc:creator>
            <dc:date>2020</dc:date>
            <dcterms:isPartOf>http://hdl.handle.net/20.500.12325/file2543</dcterms:isPartOf>
         </METS:xmlData>
      </METS:mdWrap>
   </METS:dmdSec>
   <METS:amdSec ID="amd">
      <METS:techMD ID="tech.premis">
         <METS:mdWrap MDTYPE="PREMIS:OBJECT" MIMETYPE="text/xml">
            <METS:xmlData xmlns:premis="http://www.loc.gov/premis/v3">
               <premis:objectIdentifier>
                  <premis:objectIdentifierType>si4</premis:objectIdentifierType>
                  <premis:objectIdentifierValue/>
               </premis:objectIdentifier>
               <premis:objectIdentifier>
                  <premis:objectIdentifierType>Local name</premis:objectIdentifierType>
                  <premis:objectIdentifierValue/>
               </premis:objectIdentifier>
               <premis:objectIdentifier>
                  <premis:objectIdentifierType>hdl</premis:objectIdentifierType>
                  <premis:objectIdentifierValue/>
               </premis:objectIdentifier>
               <premis:objectCategory>File</premis:objectCategory>
            </METS:xmlData>
         </METS:mdWrap>
      </METS:techMD>
      <METS:techMD ID="tech.si4">
         <METS:mdWrap MDTYPE="OTHER" OTHERMDTYPE="SI4" MIMETYPE="text/xml">
            <METS:xmlData xmlns:si4="http://si4.si/schema/">
               <si4:additionalMetadata>false</si4:additionalMetadata>
            </METS:xmlData>
         </METS:mdWrap>
      </METS:techMD>
   </METS:amdSec>
   <METS:fileSec xmlns:xlink="http://www.w3.org/1999/xlink" ID="files">
      <METS:fileGrp USE="DEFAULT">
         <METS:file ID="file2589"
                    OWNERID="table8-sl.jpg"
                    USE="DEFAULT"
                    CREATED=""
                    SIZE=""
                    CHECKSUM=""
                    CHECKSUMTYPE=""
                    MIMETYPE="image/jpeg">
            <METS:FLocat ID="file2589"
                         USE="HTTP"
                         LOCTYPE="URL"
                         title="table8-sl.jpg"
                         href="http://hdl.handle.net/20.500.12325/file2589"/>
         </METS:file>
      </METS:fileGrp>
   </METS:fileSec>
   <METS:structMap xmlns:xlink="http://www.w3.org/1999/xlink"
                   ID="structure"
                   TYPE="primary"/>
   <METS:behaviorSec xmlns:xlink="http://www.w3.org/1999/xlink" ID="si4.behavior">
      <METS:behavior BTYPE="default">
         <METS:mechanism LOCTYPE="URL" xlink:href="https://dihur.si/si4/sidih_behavior-default"/>
      </METS:behavior>
   </METS:behaviorSec>
</METS:mets>
